numThreads,executionTime
1,0.195174
2,0.257155
4,0.435274
8,1.047983
