numThreads,executionTime
1,2.791672
2,0.276003
4,0.415657
8,0.676021
