numThreads,executionTime
1,0.186811
2,0.245116
4,0.351565
8,0.686963
