numThreads,executionTime,stackType
1,0.308961,2
2,0.467025,2
4,0.987306,2
8,1.252841,2
16,2.677924,2
32,6.265598,2
1,0.482544,1
2,0.55467,1
4,1.051605,1
8,1.250448,1
16,5.3293,1
32,2.530059,1
