numThreads,executionTime,stackType
1,1.498953,2
2,0.301261,2
4,0.318782,2
8,0.670463,2
16,1.415039,2
32,2.42525,2
1,0.626468,1
2,0.291383,1
4,0.49904,1
8,1.461557,1
16,2.811259,1
32,7.292698,1
