numThreads,executionTime,stackType
1,0.10237368000000004,0
2,0.20384291999999998,0
4,0.4261895000000002,0
8,0.9805861799999999,0
16,1.0914797200000002,0
32,2.1763626000000005,0
1,0.07896622,1
2,0.11671323999999998,1
4,0.2310544600000001,1
8,0.5561895600000001,1
16,1.0207436400000003,1
32,2.0051345400000007,1
