numThreads,executionTime
1,0.196851
2,0.249781
4,0.439713
8,1.810495
16,3.341837
32,7.920842
