numThreads,executionTime
1,3.642942
2,0.317614
4,0.384455
8,0.7052
16,1.267074
32,4.301837
