numThreads,executionTime
1,0.239425
2,0.318495
4,0.401335
8,0.908402
16,2.572581
32,3.133546
